{
    "Ar36": {
        "error": 0.00034803215639215017, 
        "filter_outliers_dict": {
            "filter_outliers": true, 
            "iterations": 1, 
            "std_devs": 2
        }, 
        "fit": "Parabolic", 
        "value": 0.02502500539248029
    }, 
    "Ar37": {
        "error": 0.005185053542225342, 
        "filter_outliers_dict": {
            "filter_outliers": true, 
            "iterations": 1, 
            "std_devs": 2
        }, 
        "fit": "linear", 
        "value": 0.5710265434644961
    }, 
    "Ar38": {
        "error": 0.002219896063254898, 
        "filter_outliers_dict": {
            "filter_outliers": true, 
            "iterations": 1, 
            "std_devs": 2
        }, 
        "fit": "linear", 
        "value": 0.45779060917601944
    }, 
    "Ar39": {
        "error": 0.015319548149711072, 
        "filter_outliers_dict": {
            "filter_outliers": true, 
            "iterations": 1, 
            "std_devs": 2
        }, 
        "fit": "Parabolic", 
        "value": 36.39614306554246
    }, 
    "Ar40": {
        "error": 0.05429122630804791, 
        "filter_outliers_dict": {
            "filter_outliers": true, 
            "iterations": 1, 
            "std_devs": 2
        }, 
        "fit": "Parabolic", 
        "value": 155.70559331336216
    }, 
    "Ar41": {
        "error": 0.005326856539880687, 
        "filter_outliers_dict": {
            "filter_outliers": true, 
            "iterations": 1, 
            "std_devs": 2
        }, 
        "fit": "linear", 
        "value": 0.06914817953747361
    }
}