{
    "Ar36": {
        "error": 0.00024051362841153768, 
        "filter_outliers_dict": {
            "filter_outliers": true, 
            "iterations": 1, 
            "std_devs": 2
        }, 
        "fit": "Parabolic", 
        "value": 0.018423513428713772
    }, 
    "Ar37": {
        "error": 0.005000241148479476, 
        "filter_outliers_dict": {
            "filter_outliers": true, 
            "iterations": 1, 
            "std_devs": 2
        }, 
        "fit": "linear", 
        "value": 0.1548219291581999
    }, 
    "Ar38": {
        "error": 0.0021063992417068083, 
        "filter_outliers_dict": {
            "filter_outliers": true, 
            "iterations": 1, 
            "std_devs": 2
        }, 
        "fit": "linear", 
        "value": 0.02578375399248716
    }, 
    "Ar39": {
        "error": 0.008964717430447905, 
        "filter_outliers_dict": {
            "filter_outliers": true, 
            "iterations": 1, 
            "std_devs": 2
        }, 
        "fit": "Parabolic", 
        "value": 1.8184167823854547
    }, 
    "Ar40": {
        "error": 0.013424991075161069, 
        "filter_outliers_dict": {
            "filter_outliers": true, 
            "iterations": 1, 
            "std_devs": 2
        }, 
        "fit": "Parabolic", 
        "value": 12.149093296402839
    }, 
    "Ar41": {
        "error": 0.0053828312572993505, 
        "filter_outliers_dict": {
            "filter_outliers": true, 
            "iterations": 1, 
            "std_devs": 2
        }, 
        "fit": "linear", 
        "value": 0.09195596936961781
    }
}