{
    "Ar36": {
        "error": 0.0005271495566805466, 
        "filter_outliers_dict": {
            "filter_outliers": true, 
            "iterations": 1, 
            "std_devs": 2
        }, 
        "fit": "Linear", 
        "value": 0.012073131709652126
    }, 
    "Ar37": {
        "error": 0.02351273597806114, 
        "filter_outliers_dict": {
            "filter_outliers": true, 
            "iterations": 1, 
            "std_devs": 2
        }, 
        "fit": "linear", 
        "value": 0.17619492173506376
    }, 
    "Ar38": {
        "error": 0.011112522561229618, 
        "filter_outliers_dict": {
            "filter_outliers": true, 
            "iterations": 1, 
            "std_devs": 2
        }, 
        "fit": "linear", 
        "value": 0.3016580736383987
    }, 
    "Ar39": {
        "error": 0.02491105317563589, 
        "filter_outliers_dict": {
            "filter_outliers": true, 
            "iterations": 1, 
            "std_devs": 2
        }, 
        "fit": "Linear", 
        "value": 24.1494271647234
    }, 
    "Ar40": {
        "error": 0.1327965896874082, 
        "filter_outliers_dict": {
            "filter_outliers": true, 
            "iterations": 1, 
            "std_devs": 2
        }, 
        "fit": "Linear", 
        "value": 985.8191592593273
    }, 
    "Ar41": {
        "error": 0.007133694437611316, 
        "filter_outliers_dict": {
            "filter_outliers": true, 
            "iterations": 1, 
            "std_devs": 2
        }, 
        "fit": "Average", 
        "value": 0.12863612206007155
    }
}