{
    "Ar36": {
        "error": 0.00016314715328625092, 
        "filter_outliers_dict": {
            "filter_outliers": true, 
            "iterations": 1, 
            "std_devs": 2
        }, 
        "fit": "Linear", 
        "value": 0.018007454883404224
    }, 
    "Ar37": {
        "error": 0.0052785347443343985, 
        "filter_outliers_dict": {
            "filter_outliers": true, 
            "iterations": 1, 
            "std_devs": 2
        }, 
        "fit": "linear", 
        "value": 0.19086435454717482
    }, 
    "Ar38": {
        "error": 0.002152183115080522, 
        "filter_outliers_dict": {
            "filter_outliers": true, 
            "iterations": 1, 
            "std_devs": 2
        }, 
        "fit": "linear", 
        "value": 0.09404688847509052
    }, 
    "Ar39": {
        "error": 0.005880841877844943, 
        "filter_outliers_dict": {
            "filter_outliers": true, 
            "iterations": 1, 
            "std_devs": 2
        }, 
        "fit": "Linear", 
        "value": 7.025228513753628
    }, 
    "Ar40": {
        "error": 0.006989032243640932, 
        "filter_outliers_dict": {
            "filter_outliers": true, 
            "iterations": 1, 
            "std_devs": 2
        }, 
        "fit": "Linear", 
        "value": 38.30636531210815
    }, 
    "Ar41": {
        "error": 0.0022226960204423676, 
        "filter_outliers_dict": {
            "filter_outliers": true, 
            "iterations": 1, 
            "std_devs": 2
        }, 
        "fit": "Average", 
        "value": 0.07157146453663531
    }
}