{
    "Ar36": {
        "error": 9.462883364919638e-05, 
        "filter_outliers_dict": {
            "filter_outliers": true, 
            "iterations": 1, 
            "std_devs": 2
        }, 
        "fit": "Linear", 
        "value": 0.004124715993072789
    }, 
    "Ar37": {
        "error": 0.005295642498302262, 
        "filter_outliers_dict": {
            "filter_outliers": true, 
            "iterations": 1, 
            "std_devs": 2
        }, 
        "fit": "linear", 
        "value": 0.17152205827395461
    }, 
    "Ar38": {
        "error": 0.002361792736448785, 
        "filter_outliers_dict": {
            "filter_outliers": true, 
            "iterations": 1, 
            "std_devs": 2
        }, 
        "fit": "linear", 
        "value": 0.2952822997075538
    }, 
    "Ar39": {
        "error": 0.007099684854916261, 
        "filter_outliers_dict": {
            "filter_outliers": true, 
            "iterations": 1, 
            "std_devs": 2
        }, 
        "fit": "Linear", 
        "value": 23.045256204437123
    }, 
    "Ar40": {
        "error": 0.01950806969284113, 
        "filter_outliers_dict": {
            "filter_outliers": true, 
            "iterations": 1, 
            "std_devs": 2
        }, 
        "fit": "Linear", 
        "value": 179.6158073974817
    }, 
    "Ar41": {
        "error": 0.0022189609162710784, 
        "filter_outliers_dict": {
            "filter_outliers": true, 
            "iterations": 1, 
            "std_devs": 2
        }, 
        "fit": "Average", 
        "value": 0.07746756498502262
    }
}