{
    "Ar36": {
        "error": 0.0002162342853089977, 
        "filter_outliers_dict": {
            "filter_outliers": true, 
            "iterations": 1, 
            "std_devs": 2
        }, 
        "fit": "Parabolic", 
        "value": 0.010297443887017484
    }, 
    "Ar37": {
        "error": 0.005149965021458912, 
        "filter_outliers_dict": {
            "filter_outliers": true, 
            "iterations": 1, 
            "std_devs": 2
        }, 
        "fit": "linear", 
        "value": 0.18523284071313878
    }, 
    "Ar38": {
        "error": 0.002231195906183571, 
        "filter_outliers_dict": {
            "filter_outliers": true, 
            "iterations": 1, 
            "std_devs": 2
        }, 
        "fit": "linear", 
        "value": 0.04074334085009707
    }, 
    "Ar39": {
        "error": 0.00939464546352499, 
        "filter_outliers_dict": {
            "filter_outliers": true, 
            "iterations": 1, 
            "std_devs": 2
        }, 
        "fit": "Parabolic", 
        "value": 3.314284372500229
    }, 
    "Ar40": {
        "error": 0.009346608279609927, 
        "filter_outliers_dict": {
            "filter_outliers": true, 
            "iterations": 1, 
            "std_devs": 2
        }, 
        "fit": "Parabolic", 
        "value": 16.11125925033752
    }, 
    "Ar41": {
        "error": 0.005182059635254312, 
        "filter_outliers_dict": {
            "filter_outliers": true, 
            "iterations": 1, 
            "std_devs": 2
        }, 
        "fit": "linear", 
        "value": 0.06754643516425518
    }
}