{
    "Ar36": {
        "error": 0.0001609411993028155, 
        "filter_outliers_dict": {
            "filter_outliers": true, 
            "iterations": 1, 
            "std_devs": 2
        }, 
        "fit": "Parabolic", 
        "value": 0.00351381788571039
    }, 
    "Ar37": {
        "error": 0.005625279533323674, 
        "filter_outliers_dict": {
            "filter_outliers": true, 
            "iterations": 1, 
            "std_devs": 2
        }, 
        "fit": "linear", 
        "value": 0.14877849953119404
    }, 
    "Ar38": {
        "error": 0.002420783201900199, 
        "filter_outliers_dict": {
            "filter_outliers": true, 
            "iterations": 1, 
            "std_devs": 2
        }, 
        "fit": "linear", 
        "value": -0.014597422775387111
    }, 
    "Ar39": {
        "error": 0.01039672442348248, 
        "filter_outliers_dict": {
            "filter_outliers": true, 
            "iterations": 1, 
            "std_devs": 2
        }, 
        "fit": "Parabolic", 
        "value": 0.03983568094877728
    }, 
    "Ar40": {
        "error": 0.007915701431857146, 
        "filter_outliers_dict": {
            "filter_outliers": true, 
            "iterations": 1, 
            "std_devs": 2
        }, 
        "fit": "Parabolic", 
        "value": 0.9154169096423874
    }, 
    "Ar41": {
        "error": 0.00575598249952916, 
        "filter_outliers_dict": {
            "filter_outliers": true, 
            "iterations": 1, 
            "std_devs": 2
        }, 
        "fit": "linear", 
        "value": 0.08223284659599148
    }
}