{
    "AX": {
        "error": 0.004924061331735292, 
        "filter_outliers_dict": {
            "filter_outliers": true, 
            "iterations": 1, 
            "std_devs": 2
        }, 
        "fit": "average", 
        "value": 0.030639537296197825
    }, 
    "CDD": {
        "error": 4.678123031175808e-06, 
        "filter_outliers_dict": {
            "filter_outliers": true, 
            "iterations": 1, 
            "std_devs": 10
        }, 
        "fit": "average", 
        "value": 2.0016513860323066e-05
    }, 
    "H1": {
        "error": 0.0032946731096039094, 
        "filter_outliers_dict": {
            "filter_outliers": true, 
            "iterations": 1, 
            "std_devs": 2
        }, 
        "fit": "average", 
        "value": -0.0395036260335053
    }, 
    "H2": {
        "error": 0.003492783030392389, 
        "filter_outliers_dict": {
            "filter_outliers": true, 
            "iterations": 1, 
            "std_devs": 2
        }, 
        "fit": "average", 
        "value": 0.06446730720374835
    }, 
    "L1": {
        "error": 0.0015040949429542456, 
        "filter_outliers_dict": {
            "filter_outliers": true, 
            "iterations": 1, 
            "std_devs": 2
        }, 
        "fit": "average", 
        "value": 0.0007945304171964494
    }, 
    "L2": {
        "error": 0.0033313384143623783, 
        "filter_outliers_dict": {
            "filter_outliers": true, 
            "iterations": 1, 
            "std_devs": 2
        }, 
        "fit": "average", 
        "value": 0.13063600985446278
    }
}